,companyName,Freq,RIC,mnemonic,name,searchTerm,TwitterAccount,hashtagSearch,
1,Abacus Property Group,63,ABP.AX,A:ABPX,ABACUS PROPERTY GROUP STAPLED UNITS,Abacus Property Group,Abacuspty,abacuspropertygroup,
2,Accent Group,63,AX1.AX,A:AX1X,ACCENT GROUP,Accent Group,AccentGroupInc,AccentGroup,
3,Adelaide Brighton,63,ABC.AX,A:ABCX,ADELAIDE BRIGHTON,Adelaide Brighton,,ADBRI,
4,AGL Energy,63,AGL.AX,A:AGLX,AGL ENERGY,AGL Energy,aglenergy,agl,
5,Ainsworth Game Technology Ltd,63,AGI.AX,A:AGIX,AINSWORTH GAME TECH.,Ainsworth Game Technology Ltd,AGTSlotNews,Ainsworth,
6,ALS,63,ALS.TO,C:ALS,ALTIUS MINERALS,ALS,ALSltdAustralia,als,
7,Altium,63,ALU.AX,A:ALUX,ALTIUM,Altium,altium,altium,
8,Alumina,63,AWC.AX,A:AWCX,ALUMINA,Alumina,AluminaCol,Alumina,
9,AMA Group,63,AMA.MC,E:AMS,AMADEUS IT GROUP,AMA Group,ama_herbal,AMA,
10,Amalgamated Holdings,63,EVT.AX,A:EVTX,EVENT HOSPLTY.&.ENTM.,Amalgamated Holdings,,Event Hospitality & Entertainment ,
11,Amcor CDI,63,AMC.AX,A:AMCX,AMCOR CDI,Amcor CDI,amcor,amcor,
12,AMP,63,AMP,U:AMP,AMERIPRISE FINL.,AMP,amp_au,amp_au,
13,Ansell,63,ANN.AX,A:ANNX,ANSELL,Ansell,AnsellProtects,AnsellProtects,
14,APA Group,63,APA.AX,A:APAX,APA GROUP,APA Group,APAGroup,apagroup,
15,ARB Corporation,63,ARB.AX,A:ARBX,ARB,ARB Corporation,ARB4x4,arb,
16,Arena REIT No 1,63,ARF.AX,A:ARFX,ARENA REIT STAPLED UNITS,Arena REIT No 1,,arena,
17,Aristocrat Leisure,63,ALL.AX,A:ALLX,ARISTOCRAT LEISURE,Aristocrat Leisure,,AristocratLeisure,
18,Asaleo Care,63,AHY.AX,A:AHYX,ASALEO CARE,Asaleo Care,AsaleoCare,Asaleo,
19,ASX,63,ASX.AX,A:ASXX,ASX,ASX,asx,asx,
20,Atlas Arteria,63,ALX.AX,A:ALXX,ATLAS ARTERIA STAPLED UNITS,Atlas Arteria,MacquarieAtlasRoads,Atlas Arteria,roads
21,Aurizon Holdings,63,AZJ.AX,A:AZJX,AURIZON HOLDINGS,Aurizon ,aurizon,aurizon,
22,Ausnet Services,63,AST.AX,A:ASTX,AUSNET SERVICES,Ausnet Services,AusNetServices,AusNet,
23,Austal,63,ASB.AX,A:ASBX,AUSTAL,Austal,austal,austal,
24,Austbrokers Holdings,63,AUBOF.PK,NA,NA,D:A5H,abcountrywide,Austbrokers,
25,Australia & New Zealand Banking Group,63,ANZ.AX,A:ANZX,AUS.AND NZ.BANKING GP.,Australia & New Zealand Banking Group,ANZ_AU,anz,
26,Australian Agricultural,63,ORE.AX,A:OREX,OROCOBRE,Australian Agricultural,,AustralianAgricultural,
27,Australian Pharmaceutical Industries,63,API.AX,A:APIX,AUSTRALIAN PHARM.INDS.,Australian Pharmaceutical Industries,PharmGuildAus,PharmGuildAus,
28,AVJennings,63,AVJ.AX,A:AVJX,AVJENNINGS,AVJennings,AVJennings_Ltd,AVJennings,
29,Bank of Queensland Ltd.,63,BOQ.AX,A:BOQX,BANK OF QLND.,boq,BOQ,BOQ,
30,Bapcor,63,BAP.AX,A:BAPX,BAPCOR,Bapcor,Bapcor,Bapcor,
31,Beach Energy,63,BPT.AX,A:BPTX,BEACH ENERGY,Beach Energy,BeachEnergyLtd,BeachEnergy,
32,Bega Cheese,63,BGA.AX,A:BGAX,BEGA CHEESE,Bega Cheese,BegaCheese_,BegaCheese,
33,Bendigo and Adelaide Bank,63,BEN.AX,A:BENX,BENDIGO & ADELAIDE BANK,Bendigo and Adelaide Bank,bendigobank,bendigobank,
34,BHP Group,63,BHPB.L,BHP,BHP GROUP,BHP,BHP,BHP,
35,Blackmores,63,BKL.AX,A:BKLX,BLACKMORES,Blackmores,Blackmores,Blackmores,
36,Bluescope Steel,63,BSL.AX,A:BSLX,BLUESCOPE STEEL,Bluescope,BlueScope_Steel,Bluescope,
37,Boral,63,BLD.AX,A:BLDX,BORAL,Boral,BoralAustralia,Boral,
38,Brambles,63,BXB.AX,A:BXBX,BRAMBLES,Brambles,brambleslimited,Brambles,
39,Breville Group,63,BRG.AX,A:BRGX,BREVILLE GROUP,Breville,BrevilleAus,Breville,
40,Brickworks,63,BKW.AX,A:BKWX,BRICKWORKS,Brickworks,BrickworksBP,Brickworks,
41,BWP Trust,63,BWP.AX,A:BWPX,BWP TRUST,BWP,bwptrust,BWP,
42,Cabcharge Australia,63,GK6.F,D:GK6,A2B AUSTRALIA (FRA),Cabcharge,Cabcharge,Cabcharge,
43,Caltex Australia,63,ALD.AX,A:ALDX,AMPOL,Caltex,CaltexAustralia,Caltex,
44,Cardno,63,CDD.AX,A:CDDX,CARDNO,Cardno,Cardno,Cardno,
45,carsales.com.au Ltd,63,CAR.AX,A:CARX,carsales.com Ltd ,carsales,carsales,carsales,
46,Cash Converters International,63,CCV.AX,A:CCVX,CASH CONVERTERS INTL.,Cash Converters,cashconverters,cashconverters,
47,Cedar Woods Properties,63,CWP.AX,A:CWPX,CEDAR WOODS PROPERTIES,Cedar Woods ,,cedarwoods,
48,Centuria Industrial REIT,63,CIP.AX,A:CIPX,CENTURIA INDUSTRIAL,Centuria Industrial ,,CenturiaIndustrial,
49,Challenger,63,CGF.AX,A:CGFX,CHALLENGER,Challenger,,Challenger,
50,Charter Hall Education Trust,63,AEUXX.AX,NA,NA,Charter Hall Education Trust,CharterHallGrp,CharterHallEducation,
51,Charter Hall Group,63,CHC.AX,A:CHCX,CHARTER HALL GROUP STAPLED UNITS,Charter Hall Group,CharterHallGrp,CharterHall,
52,Charter Hall Retail REIT,63,CQR.AX,A:CQRX,CHARTER HALL RETAIL REIT,Charter Hall Retail REIT,CharterHallGrp,CharterHallRetail,
53,CIMIC Group,63,002162.SZ,CN:STL,SHANGHAI EVERJOY HEALTH GROUP 'A',CIMIC,CIMICGroup,CIMIC,
54,Cleanaway Waste Management,63,CWY.AX,A:CWYX,CLEANAWAY WASTE MANAGEMENT,Cleanaway ,cleanawayau,CleanawayAU,
55,Coca-Cola Amatil,63,CCL.AX,A:CCLX,COCA-COLA AMATIL,Coca Cola,CocaColaAmatil,CocaColaAmatil,
56,Cochlear,63,COH.AX,A:COHX,COCHLEAR,Cochlear,Cochlear,Cochlear,
57,Codan,63,CDA.AX,A:CDAX,CODAN,Codan,,Codan,
58,Collection House Ltd,63,CLH.AX,A:CLHX,COLLECTION HOUSE SUSP - SUSP.14/04/20,Collection House Ltd,,CollectionHouse,
59,Collins Foods,63,CKF.AX,A:CKFX,COLLINS FOOD,Collins Foods,,CollinsFoods,
60,Commonwealth Bank of Australia,63,CBA.AX,A:CBAX,COMMONWEALTH BK.OF AUS.,commonwealth bank,CommBank,CommBank,
61,Computershare,63,CPU.AX,A:CPUX,COMPUTERSHARE,Computershare,Computershare,Computershare,
62,Corporate Travel Management,63,CTD.AX,A:CTDX,CORPORATE TRAVEL MAN.,Corporate Travel Management,TravelCTM,TravelCTM,
63,Credit Corp Group,63,HOG,U:HOG,HARLEY-DAVIDSON,Credit Corp Group,,CreditCorp,
64,Cromwell Property Group,63,CMW.AX,A:CMWX,CROMWELL PROPERTY GROUP STAPLED UNITS,Cromwell,,Cromwell,
65,Crown Resorts,63,CWN.AX,A:CWNX,CROWN RESORTS,Crown Resorts,CrownResorts,CrownResorts,
66,CSL,63,CSL,U:CSL,CARLISLE COS.,CSL,csl,csl,
67,CSR,63,601766.SS,CN:CSL,CRRC 'A',CSR,,csr,
68,Data#3,63,DTL.AX,A:DTLX,DATA#3,Data#3,Data3Limited,Data3Limited,
69,Decmil Group Ltd,63,DCG.AX,A:DCGX,DECMIL GROUP,Decmil,,Decmil,
70,Dexus Property Group,63,DXS.AX,A:DXSX,DEXUS STAPLED UNITS,Dexus ,Dexus,Dexus,
71,Domino's Pizza Enterprises Ltd,63,DMP.AX,A:DMPX,DOMINO'S PIZZA ENTS.,Domino's Pizza,dominos_au,dominos,
72,Downer Group,63,DOW.AX,A:DOWX,DOWNER EDI,Downer,downergroup,downergroup,
73,Eagers,63,APE.AX,A:APEX,AP EAGERS,Eagers,apeagerslimited,Eagers,
74,Energy Res Of Australia,63,ERA.AX,A:ERAX,ENERGY RES.OF AUS.,Energy Resources of Australia,ERARangerMine,ERARangerMine,
75,Energy World,63,EAWD.PK,@EAWD,ENERGY WTR DEV,Energy World,,EnergyWorld,
76,Evolution Mining,63,EVN.AX,A:EVNX,EVOLUTION MINING,Evolution Mining,EvolutionMining,EvolutionMining,
77,FlexiGroup,63,FXL.AX,A:FXLX,FLEXIGROUP,FlexiGroup,,FlexiGroup,
78,Flight Centre Travel Group,63,FLT.AX,A:FLTX,FLIGHT CENTRE TRAVEL GP.,Flight Centre,flightcentreAU,flightcentre,
79,Fortescue Metals Group,63,FMG.AX,A:FMGX,FORTESCUE METALS GP.,Fortescue,FortescueNews,Fortescue,
80,Freedom Foods Group,63,FNP.AX,A:FNPX,FREEDOM FOODS GROUP,Freedom Foods,,FreedomFoods,
81,G.U.D. Holdings,63,GUD.AX,A:GUDX,GUD HOLDINGS,GUD,,GUD,
82,G8 Education,63,GEM.AX,A:GEMX,G8 EDUCATION,G8 Education,G8Education,G8Education,
83,GDI Property Group,63,GDI.AX,A:GDIX,GDI PROPERTY GROUP STAPLED UNITS,GDI,,GDI,
84,Genworth Mortgage Insurance Australia,63,GMA.AX,A:GMAX,GENWORTH MGE.IN.AUS.,Genworth,,Genworth,
85,Goodman Group,63,GMG.AX,A:GMGX,GOODMAN GROUP,Goodman Group,Goodman_Group,GoodmanGroup,
86,GPT Group,63,GPT.AX,A:GPTX,GPT GROUP STAPLED UNITS,GPT,,GPT,
87,Graincorp,63,GNC.AX,A:GNCX,GRAINCORP A,Graincorp,GrainCorp,GrainCorp,
88,Growthpoint Properties Australia,63,GOZ.AX,A:GOZX,GROWTHPOINT PROPS. AUS. REIT STAP.UTS.,Growthpoint,,Growthpoint,
89,GWA Group,63,GWA.AX,A:GWAX,GWA GROUP,GWA ,,GWA ,
90,Harvey Norman Holdings,63,HVN.AX,A:HVNX,HARVEY NORMAN HOLDINGS,Harvey Norman,HarveyNormanAU,HarveyNorman,
91,Healius,63,HLS.AX,A:HLSX,HEALIUS,Healius,,Healius,
92,HHG,63,HHG.HN,VT:HHG,HOANGHA,HHG,,HHG,
93,Hotel Property Investments,63,0219.HK,K:SHUN,SHUN HO PR.INVS.,Hotel Property Investments,LincolnEvent,LincolnEvent,
94,HT&E,63,HT1.AX,A:HT1X,HT&E,HT&E,,HT&E,
95,Hutchison Telecomunications (Australia),63,HTA.AX,A:HTAX,HUTCHISON TELECOM.AUS.,Hutchison Telecomunications,,HutchisonTelecomunications,
96,Iluka Resources,63,ILU.AX,A:ILUX,ILUKA RESOURCES,Iluka,ilukaresources,ilukaresources,
97,Incitec Pivot Ltd,63,IPL.AX,A:IPLX,INCITEC PIVOT,Incitec,incitecpivotau,incitecpivot,
98,Independence Group NL,63,IGO.AX,A:IGOX,IGO,Independence Group NL,igo_difference,igo,
99,Infigen Energy,63,IFN.AX,A:IFNX,INFIGEN ENERGY STAPLED UNITS,Infigen,,Infigen,
100,Infomedia,63,INFO.NS,IN:FMI,INFOMEDIA PRESS,Infomedia,,Infomedia,
101,Ingenia Communities Group,63,INA.AX,A:INAX,INGENIA COMMUNITIES GROUP STAPLED UNITS,Ingenia Communities,,IngeniaCommunities,
102,Insurance Australia Group,63,QBE.AX,A:QBEX,QBE INSURANCE GROUP,Insurance Australia Group,iagaust,iagaust,
103,InvoCare,63,IVC.AX,A:IVCX,INVOCARE,InvoCare,,InvoCare,
104,IOOF Holdings,63,IFL.AX,A:IFLX,IOOF HOLDINGS,IOOF,IOOF_Holdings,IOOF,
105,Iress,63,IRE.AX,A:IREX,IRESS,Iress,iress,Iress,
106,James Hardie Industries Plc,63,JHX.AX,A:JHXX,JAMES HARDIE INDS.CDI.,James Hardie,,JamesHardie,
107,Japara Healthcare,63,JHC.AX,A:JHCX,JAPARA HEALTHCARE,Japara,,Japara,
108,JB Hi-Fi,63,JBH.AX,A:JBHX,JB HI-FI,JB Hi-Fi,JBHiFi,JBHiFi,
109,Karoon Gas Australia,63,KAR.AX,A:KARX,KAROON ENERGY,Karoon Gas,,KaroonGas,
110,Lend Lease Group,63,LLC.AX,A:LLCX,LENDLEASE GROUP STAPLED UNITS,Lend Lease Group,LendleaseGroup,LendLeaseGroup,
111,Liquefied Natural Gas,63,LNG.AX,A:LNGX,LIQUEFIED NATURAL GAS SUSP - SUSP.03/05/20,Liquefied Natural Gas,,Liquefiedas,
112,Lynas Corp,63,LYC.AX,A:LYCX,LYNAS,Lynas,lynas_corp,Lynas,
113,MACA,63,MLD.AX,A:MLDX,MACA,MACA,,MACA,
114,MacMahon Holdings,63,MAH.AX,A:MAHX,MACMAHON HOLDINGS,MacMahon,,MacMahon,
115,Macquarie Group,63,MQG.AX,A:MQGX,MACQUARIE GROUP,Macquarie,Macquarie,Macquarie,
116,Magellan Financial Group,63,MFG.AX,A:MFGX,MAGELLAN FINANCIAL GP.,Magellan Financial,,MagellanFinancial,
117,Mayne Pharma Group,63,MYX.AX,A:MYXX,MAYNE PHARMA GROUP,Mayne Pharma,,MaynePharma,
118,McMillan Shakespeare,63,MMS.AX,A:MMSX,MCMILLAN SHAKESPEARE,McMillan Shakespeare,,McMillanShakespeare,
119,Mesoblast,63,MSB.AX,A:MSBX,MESOBLAST,Mesoblast,Mesoblast,Mesoblast,
120,Metcash,63,MTS.AX,A:MTSX,METCASH,Metcash,,Metcash,
121,Mineral Resources,63,600392.SS,CN:TLT,SHENGHE RESOURCES HDG. 'A',Mineral Resources,mrlminres,MineralResources,
122,Mirvac Group,63,MGR.AX,A:MGRX,MIRVAC GROUP STAPLED UNITS,Mirvac,mirvac,Mirvac,
123,Monadelphous,63,MND.AX,A:MNDX,MONADELPHOUS GROUP,Monadelphous,,Monadelphous,
124,Mount Gibson Iron Ltd.,63,MGX.AX,A:MGXX,MOUNT GIBSON IRON,Mount Gibson Iron,,MountGibsonIron,
125,Myer Holdings,63,MYR.AX,A:MYRX,MYER HOLDINGS,Myer,myer,Myer,
126,MyState,63,MYS.AX,A:MYSX,MYSTATE,MyState,,MyState,
127,Nanosonics,63,NAN.AX,A:NANX,NANOSONICS,Nanosonics,nanosonicsltd,Nanosonics,
128,National Australia Bank,63,NAB.AX,A:NABX,NATIONAL AUS.BANK,nab,NAB,nab,
129,National Storage REIT,63,NSR.AX,A:NSRX,NATIONAL STORAGE REIT STAPLED UNITS,National Storage,natstorage,NationalStorage,
130,Navigator Global Investments,63,NGI.AX,A:NGIX,NAVIGATOR GLOBAL INVESTMENTS,Navigator Investments,,NavigatorInvestments,
131,Nearmap,63,NEA.AX,A:NEAX,NEARMAP,Nearmap,nearmap,Nearmap,
132,New Hope,63,000876.SZ,CN:NHA,NEW HOPE LIUHE 'A',New Hope,,NewHope,
133,Newcrest Mining,63,NCM.AX,A:NCMX,NEWCREST MINING,Newcrest Mining,newcrestmining,NewcrestMining,
134,NEXTDC,63,NXT.AX,A:NXTX,NEXTDC,NEXTDC,nextdc,NEXTDC,
135,NIB Holdings Ltd.,63,NHF.AX,A:NHFX,NIB HOLDINGS,NIB insurance,nibhealthfunds,NIB,
136,Nine Entertainment,63,CHAE.BO,IN:CNB,CHANNEL NINE ENTM.,Nine Entertainment,9comms,NineEntertainment,
137,Northern Star Resources,63,NST.AX,A:NSTX,NORTHERN STAR,Northern Star Resources,,NorthernStar,
138,Nufarm,63,NUF.AX,A:NUFX,NUFARM,Nufarm,,Nufarm,
139,Oil Search,63,OSH.AX,A:OSHX,OIL SEARCH,Oil Search,oilsearchltd,OilSearch,
140,OMNI BRIDGEWAY,63,OBL.AX,A:OBLX,OMNI BRIDGEWAY,OMNI BRIDGEWAY,,OMNIBRIDGEWAY,
141,Orica,63,ORI.AX,A:ORIX,ORICA,Orica,OricaLimited,Orica,
142,Origin Energy,63,ORG.AX,A:ORGX,ORIGIN ENERGY (EX BORAL),Origin Energy,OriginEnergy,OriginEnergy,
143,Orocobre,63,ORE.AX,A:OREX,,Orocobre,orocobrelimited,Orocobre,
144,Orora,63,600666.SS,CN:SPC,AURORA OPEL. A,Orora,OroraGroup,Orora,
145,OZ Minerals Ltd,63,OZL.AX,A:OZLX,OZ MINERALS,OZ Minerals,ozminerals,OZMinerals,
146,OzForex Group,63,OZFRY.PK,@OZFRY,OFX GROUP ADR 1:5,OzForex,,OzForex,
147,Pact Group Holdings,63,PGH.AX,A:PGHX,PACT GROUP HOLDINGS,Pact Group,,PactGroup,
148,Peet,63,PPC.AX,A:PPCX,PEET,Peet,,Peet,
149,Pendal Group,63,PDL.AX,A:PDLX,PENDAL GROUP,Pendal Group,pendalgroup,PendalGroup,
150,Perpetual,63,RCHA.L,399937,ROTHSCHILDS CONTN. 1994 9% PERP.,Perpetual,perpetual_ltd,Perpetual,
151,Perseus Mining,63,PRU.AX,A:PRUX,PERSEUS MINING,Perseus Mining,perseusmining,PerseusMining,
152,Platinum Asset Mangement Ltd/Australia,63,PTM.AX,A:PTMX,PLATINUM ASSET MAN.,Platinum fund,platassetmgmt,Platinumassets,
153,Premier Investments,63,PMV.AX,A:PMVX,PREMIER INVESTMENT,Premier Investments,,PremierInvestments,
154,Qantas Airways,63,QAN.AX,A:QANX,QANTAS AIRWAYS,Qantas Airways,Qantas,QantasAirways,
155,QBE Insurance Group,63,QBE.AX,A:QBEX,QBE INSURANCE GROUP,QB,QBEaus,QBE,
156,Qube Holdings,63,QUB.AX,A:QUBX,QUBE HOLDINGS,Qube,QubeHoldings,Qube,
157,Ramsay Health Care,63,RHC.AX,A:RHCX,RAMSAY HEALTH CARE,Ramsay Health,ramsayhealth,RamsayHealth,
158,REA Group,63,600111.SS,CN:IMR,CHIN.NTHN.RA.ETH. (GROUP) HTEC.'A',REA,REA_Group,REA,
159,Regis Resources,63,RRL.AX,A:RRLX,REGIS RESOURCES,Regis Resources,,RegisResources,
160,Resolute Mining,63,RSG.AX,A:RSGX,RESOLUTE MINING,Resolute Mining,ResoluteMining,ResoluteMining,
161,Ridley,63,RIC.AX,A:RICX,RIDLEY,Ridley,,Ridley,
162,Rio Tinto Ltd.,63,ACC.NS,IN:ASC,ACC,Rio Tinto,RioTinto,RioTinto,
163,Sandfire Resources NL,63,SFRNA.AX^J19,A:SFRNAY,SANDFIRE RESOURCES NL DEFERRED,Sandfire Resources,SandfireResLtd,SandfireResources,
164,Santos,63,STBP3.SA,BR:STB,SANTOS BRASIL PARTICIPACOES ON,Santos,,Santos,
165,Saracen Mineral Holdings,63,SAR.AX,A:SARX,SARACEN MINERAL HDG.,Saracen Mineral,SaracenMinerals,SaracenMineral,
166,Scentre Group,63,SCG.AX,A:SCGX,SCENTRE GROUP UNIT,Scentre Group,ScentreGroup,ScentreGroup,
167,Sealink Travel Group,63,SLK.AX,A:SLKX,SEALINK TRAVEL GROUP,Sealink Travel,STG_AUD,SealinkTravel,
168,Seek,63,SEK.AX,A:SEKX,SEEK,Seek,seekjobs,seek,
169,Select Harvests,63,SHV.AX,A:SHVX,SELECT HARVESTS,Select Harvests,,selectharvests,
170,Senex Energy,63,SXY.AX,A:SXYX,SENEX ENERGY,Senex Energy,SenexEnergy,senexenergy,
171,Seven Group Holdings,63,SVW.AX,A:SVWX,SEVEN GROUP HOLDINGS,Seven Group,,sevengroup,
172,Seven West Media,63,SWM.AX,A:SWMX,SEVEN WEST MEDIA,Seven Media,sevenwestmedia,SevenWestMedia ,
173,SG Fleet Group,63,SGF.AX,A:SGFX,SG FLEET GROUP,SG Fleet,,SGFleet,
174,Shopping Centres Australasia Property Gr,63,SCP.AX,A:SCPX,SHPCTR.AUSAN.PR.GP. STAP.UTS.,SCA Property,,scaproperty,
175,Sigma Pharmaceuticals,63,SIP.DE^E11,NA,NA,Sigma,Sigmapharma,sigmapharma,
176,Silver Lake Resources,63,SBB.TO,C:SBB,SABINA GOLD & SILVER,Silver Lake,,SilverLake,
177,Sims Metal Management,63,SMUPF.PK,@SMUPF,SIMS (OTC),Sims Metal,SimsMM,SimsMM,
178,Sonic Healthcare,63,SHL.AX,A:SHLX,SONIC HEALTHCARE,Sonic Healthcare,shlconfidential,sonichealthcare,
179,Southern Cross Media Group,63,SXL.AX,A:SXLX,SOUTHERN CROSS MEDIA GP.,Southern Cross Media,sthrncrossmedia,scMedia,
180,Spark Infrastructure Group,63,SKI.AX,A:SKIX,SRK.INFR.GP.STAP. UTS.,Spark Infrastructure,,sparkinfrastructuregroup,
181,Starpharma Holdings,63,SPL.AX,A:SPLX,STARPHARMA HOLDINGS,Starpharma,starpharma,starpharma,Starpharma_ASX
182,Steadfast Group,63,SDF.AX,A:SDFX,STEADFAST GROUP,Steadfast Group,steadfastins,steadfast,steadfast_qis
183,Stockland,63,SGP.AX,A:SGPX,STOCKLAND STAPLED UNITS,Stockland,Stockland,Stockland,StocklandAU
184,Suncorp Group,63,SUN.AX,A:SUNX,SUNCORP GROUP,Suncorp,suncorpgroup,suncorp,Suncorp
185,Sunland Group,63,SDG.AX,A:SDGX,SUNLAND GROUP,Sunland Group,,sunlandgroup,sunlandgroup
186,Super Retail Group,63,SUL.AX,A:SULX,SUPER RETAIL GROUP,Super Retail,superretailgp,SuperRetailGroup,SuperRetailGroup
187,Sydney Airport,63,SYD.AX,A:SYDX,SYDNEY AIRPORT STAPLED UNITS,Sydney Airport,sydneyairport,SYD,SYD
188,Syrah Resources,63,SYR.AX,A:SYRX,SYRAH RESOURCES,Syrah Resources,SyrahResources,SyrahResources,Syrah Resources
189,Tabcorp Holdings,63,TAH.AX,A:TAHX,TABCORP HOLDINGS,Tabcorp,Tabcorp,Tabcorp,Tabcorp
190,Tassal Group,63,TGR.AX,A:TGRX,TASSAL GROUP,tassal salmon,TassalSalmon,tassal,tassal
191,Technology One,63,TNE.AX,A:TNEX,TECHNOLOGY ONE,TechnologyOne,TechnologyOne,TechnologyOne,TechnologyOne
192,Telstra Corp,63,TLS.F,D:TSTA,TELSTRA (FRA),Telstra,Telstra,Telstra,Telstra
193,The Star Entertainment Group,63,SGR.AX,A:SGRX,STAR ENTERTAINMENT GROUP,Star Entertainment,starentgrp,StarEntertainment,
194,TPG Telecom,63,TPM.AX,A:TPMX,TPG TELECOM,TPG,tpg_telecom,TPG,TPG
195,Transurban Group,63,TCL.AX,A:TCLX,TRANSURBAN GROUP STAPLED UNITS,Transurban,Transurban,Transurban,citylink
196,Treasury Wine Estates,63,TWE.AX,A:TWEX,TREASURY WINE ESTATES,tresure wine,twe_global,twe,treasurewine
197,Vicinity Centers,63,VCX.AUX,A:VCXX,VICINITY CENTRES,Vicinity Centers,VicinityCentres,VicinityCentres,VicinityCentres
198,Village Roadshow,63,VRL.AX,A:VRLX,VILLAGE ROADSHOW,Village Roadshow,RoadshowFilms,RoadshowFilms,RoadshowFilms
199,Virgin Australia Holdings,63,VAH.AX,A:VAHX,VIRGIN AUSTRALIA HDG. SUSP - SUSP.16/04/20,Virgin Australia,VirginAustralia,Virgin,VOZ
200,Virtus Health,63,VRT.AX,A:VRTX,VIRTUS HEALTH,Virtus Health,virtushealthaba,virtushealthaba,virtushealth
201,Vita Group,63,VTG.AX,A:VTGX,VITA GROUP,Vita Group,vitagroup,vitagroup,vitagroup
202,Vocus Group,63,VOC.AX,A:VOCX,VOCUS GROUP,Vocus,VocusGroup,VocusGroup,VocusGroup
203,Washington H. Soul Pattinson,63,SOL.AX,A:SOLX,WASH.H SOUL PATSN.& CO.,,,WashingtonSoulPattinson,
204,Webjet,63,SMLS3.SA,BR:SMF,SMILES FIDELIDADE ON,Webjet,Webjet_AU,Webjet,Webjet
205,Wesfarmers,63,WES.AX,A:WESX,WESFARMERS,Wesfarmers,Wesfarmers,Wesfarmers,Wesfarmers
206,Western Areas,63,WSA.AX,A:WSAX,WESTERN AREAS,Western Areas,WesternAreas,WesternAreas,WesternAreas
207,Westpac Banking Corp,63,WBC.AX,A:WBCX,WESTPAC BANKING,Westpac,,Westpac,WestpacMedia
208,Whitehaven Coal,63,WHC.AX,A:WHCX,WHITEHAVEN COAL,Whitehaven Coal,WhitehavenCoal,WhitehavenCoal,WhitehavenCoal
209,Woodside Petroleum,63,WPL.AX,A:WPLX,WOODSIDE PETROLEUM,Woodside Petroleum,WoodsideEnergy,WoodsideEnergy,WoodsideEnergy
210,Woolworths Group,63,WOW.AX,A:WOWX,WOOLWORTHS GROUP,Woolworths ,woolworths,woolworths,woolworths
211,WorleyParsons Ltd.,63,WOR.F,D:WF9,WORLEY (FRA),WorleyParsons,,worleyparsons,worleyparsons
212,WPP AUNZ,63,WPP.AX,A:WPPX,WPP AUNZ,WPP AUNZ,WPP_AUNZ,WPPAUNZ,WPPAUNZ
213,Yancoal Australia,63,YAL.AX,A:YALX,YANCOAL AUSTRALIA,Yancoal,,YanCoal,YanCoal